{"stats":{"minecraft:mined":{"minecraft:grass_block":1,"minecraft:spruce_log":4,"minecraft:oak_leaves":1},"minecraft:picked_up":{"minecraft:spruce_log":3,"minecraft:dirt":1},"minecraft:crafted":{"minecraft:crafting_table":1,"minecraft:spruce_planks":12},"minecraft:custom":{"minecraft:jump":54,"minecraft:time_since_rest":5508,"minecraft:leave_game":1,"minecraft:crouch_one_cm":133,"minecraft:sprint_one_cm":5521,"minecraft:play_time":5508,"minecraft:damage_taken":20,"minecraft:time_since_death":5508,"minecraft:walk_one_cm":8938,"minecraft:sneak_time":90,"minecraft:total_world_time":5508,"minecraft:fall_one_cm":1660,"minecraft:fly_one_cm":6585}},"DataVersion":3465}