{"stats":{"minecraft:mined":{"minecraft:oak_log":1,"minecraft:oak_leaves":1},"minecraft:picked_up":{"minecraft:oak_log":1},"minecraft:crafted":{"minecraft:crafting_table":1,"minecraft:oak_planks":4},"minecraft:custom":{"minecraft:jump":67,"minecraft:open_chest":1,"minecraft:time_since_rest":605,"minecraft:leave_game":1,"minecraft:crouch_one_cm":100,"minecraft:sprint_one_cm":8465,"minecraft:play_time":605,"minecraft:damage_taken":20,"minecraft:time_since_death":605,"minecraft:walk_one_cm":2020,"minecraft:sneak_time":5,"minecraft:total_world_time":605,"minecraft:fall_one_cm":3824,"minecraft:fly_one_cm":18248}},"DataVersion":3465}