{"stats":{"minecraft:mined":{"minecraft:grass_block":1,"minecraft:dirt":2,"biomesoplenty:sprout":1,"minecraft:spruce_log":3,"minecraft:fern":1},"minecraft:killed":{"minecraft:chicken":1},"minecraft:crafted":{"minecraft:crafting_table":1,"minecraft:stick":4,"minecraft:spruce_planks":8},"minecraft:picked_up":{"minecraft:feather":2,"minecraft:chicken":1,"minecraft:spruce_log":3,"minecraft:dirt":3},"minecraft:used":{"minecraft:dirt":2,"minecraft:crafting_table":1},"minecraft:custom":{"minecraft:time_since_rest":2278,"minecraft:open_chest":1,"minecraft:crouch_one_cm":8,"minecraft:play_time":2278,"minecraft:sprint_one_cm":10473,"minecraft:damage_taken":30,"minecraft:walk_one_cm":6979,"minecraft:sneak_time":9,"minecraft:mob_kills":1,"minecraft:jump":62,"minecraft:damage_dealt":40,"minecraft:time_since_death":2278,"minecraft:total_world_time":2278,"minecraft:interact_with_crafting_table":5,"minecraft:fall_one_cm":2508,"minecraft:fly_one_cm":13815}},"DataVersion":3465}