{"stats":{"minecraft:dropped":{"minecraft:wooden_pickaxe":1},"minecraft:mined":{"minecraft:grass":2,"minecraft:cobblestone":7,"minecraft:spruce_leaves":2,"minecraft:spruce_log":4,"biomesoplenty:sprout":1},"minecraft:picked_up":{"minecraft:spruce_sapling":1,"minecraft:spruce_log":3,"twigs:twig":3,"minecraft:cobblestone":5},"minecraft:crafted":{"minecraft:crafting_table":1,"minecraft:spruce_planks":12,"minecraft:stick":14,"minecraft:wooden_pickaxe":1,"minecraft:stone_pickaxe":1},"minecraft:used":{"minecraft:crafting_table":1,"minecraft:stone_pickaxe":5,"minecraft:iron_helmet":1,"minecraft:wooden_pickaxe":4},"minecraft:custom":{"minecraft:time_since_rest":1358,"minecraft:open_chest":1,"minecraft:crouch_one_cm":6747,"minecraft:play_time":1358,"minecraft:sprint_one_cm":3667,"minecraft:walk_one_cm":3585,"minecraft:sneak_time":323,"minecraft:drop":1,"minecraft:jump":32,"minecraft:time_since_death":1358,"minecraft:total_world_time":1358,"minecraft:interact_with_crafting_table":3,"minecraft:fall_one_cm":1521,"minecraft:fly_one_cm":8633}},"DataVersion":3465}